,DATETIME,AVERAGE_SALE_NEAR,TOTAL_SALE_NEAR,TOTAL_TX,CHEAPEST_NFT,MOST_EXPENSIVE_NFT
0,2022-06-13,77.44138,387.2069,5,72.0,85.0
1,2022-02-04,108.209607843,5518.69,51,0.1,175.0
2,2022-06-29,98.6,493.0,5,85.0,120.0
3,2022-05-31,102.125,408.5,4,90.0,115.0
4,2022-06-12,81.4225,325.69,4,76.69,89.0
5,2022-06-06,82.1,82.1,1,82.1,82.1
6,2022-06-08,80.0,160.0,2,78.0,82.0
7,2022-02-01,52.182199828,3026.56759,58,42.69,107.69
8,2022-08-17,45.0,45.0,1,45.0,45.0
9,2022-08-12,59.996666667,179.99,3,56.0,65.0
10,2022-07-24,68.833333333,413.0,6,60.0,75.5
11,2022-02-21,86.084230769,2238.19,26,75.0,120.0
12,2022-04-09,55.215833333,662.59,12,39.9,145.0
13,2022-02-23,120.421,2408.42,20,69.0,785.0
14,2022-02-13,206.497466667,9292.386,45,105.0,800.0
15,2022-06-14,79.475,317.9,4,75.0,86.0
16,2022-05-08,95.0,190.0,2,90.0,100.0
17,2022-03-05,50.809615385,1321.05,26,43.0,67.89
18,2022-05-17,106.171166667,637.027,6,98.0,135.0
19,2022-06-15,80.6,403.0,5,76.0,87.0
20,2022-08-30,50.0,50.0,1,50.0,50.0
21,2022-02-02,92.107664234,12618.75,137,52.0,500.0
22,2022-05-07,102.2,408.8,4,96.0,115.0
23,2022-08-06,123.333333333,370.0,3,76.0,199.0
24,2022-03-24,50.75,203.0,4,45.0,60.0
25,2022-02-26,75.393,753.93,10,69.0,94.99
26,2022-08-18,53.0,106.0,2,51.0,55.0
27,2022-07-22,75.0,75.0,1,75.0,75.0
28,2022-05-28,98.36,491.8,5,90.0,122.0
29,2022-01-26,30.953255969,24112.5864,779,0.1,267.0
30,2022-03-03,68.808908333,825.7069,12,45.0,250.0
31,2022-08-11,72.0,144.0,2,56.0,88.0
32,2022-06-20,100.996666667,302.99,3,88.0,120.0
33,2022-07-07,77.0,231.0,3,74.0,80.0
34,2022-05-09,103.6925,414.77,4,90.0,137.77
35,2022-06-05,87.5,175.0,2,85.0,90.0
36,2022-04-13,58.425454545,642.68,11,51.0,81.99
37,2022-03-16,75.912307692,986.86,13,57.0,180.0
38,2022-07-20,101.5,203.0,2,88.0,115.0
39,2022-02-17,105.1186,3679.151,35,88.0,175.0
40,2022-02-10,154.174231167,3083.484623331,20,99.987654321,666.0
41,2022-08-24,46.0,92.0,2,44.0,48.0
42,2022-07-09,82.0,82.0,1,82.0,82.0
43,2022-08-26,49.685714286,347.8,7,46.9,55.0
44,2022-05-20,105.0,315.0,3,102.0,108.0
45,2022-02-18,110.4,1656.0,15,97.0,170.0
46,2022-01-31,63.027361491,10147.4052,161,0.1,300.0
47,2022-04-15,53.334285714,746.68,14,49.69,64.0
48,2022-05-27,92.5,370.0,4,92.0,93.0
49,2022-04-25,126.5,1518.0,12,90.0,250.0
50,2022-08-13,57.245,114.49,2,54.5,59.99
51,2022-04-07,52.071428571,364.5,7,36.0,90.0
52,2022-08-09,60.0,60.0,1,60.0,60.0
53,2022-03-06,75.012142833,3150.509999,42,58.0,222.0
54,2022-07-31,61.966666667,185.9,3,57.0,69.0
55,2022-03-21,61.83,185.49,3,54.99,75.5
56,2022-06-26,217.5,1305.0,6,78.0,380.0
57,2022-04-12,74.929999999,974.08999999,13,53.0,250.0
58,2022-03-30,40.1825,482.19,12,35.0,75.0
59,2022-05-25,118.995,237.99,2,108.0,129.99
60,2022-05-06,97.325,389.3,4,93.0,99.0
61,2022-07-19,71.0,71.0,1,71.0,71.0
62,2022-01-28,29.785060241,2472.16,83,18.0,200.69
63,2022-05-01,110.270952381,2315.69,21,84.0,325.0
64,2022-07-02,84.857142857,594.0,7,78.0,99.0
65,2022-03-27,52.714285714,369.0,7,42.0,70.0
66,2022-06-25,90.0,90.0,1,90.0,90.0
67,2022-04-05,44.579,445.79,10,39.0,55.0
68,2022-08-10,59.563333333,178.69,3,55.0,68.69
69,2022-08-01,61.333333333,184.0,3,59.0,65.0
70,2022-07-21,69.0,69.0,1,69.0,69.0
71,2022-04-19,53.468888889,481.22,9,40.69,100.0
72,2022-07-10,82.5,165.0,2,77.0,88.0
73,2022-06-03,104.4,522.0,5,86.0,130.0
74,2022-03-09,62.529166667,750.35,12,50.5,125.0
75,2022-05-19,99.0,198.0,2,99.0,99.0
76,2022-06-10,93.75,375.0,4,80.0,130.0
77,2022-07-13,75.0,75.0,1,75.0,75.0
78,2022-03-11,52.328571429,366.3,7,40.0,85.0
79,2022-06-22,89.0,267.0,3,85.0,92.0
80,2022-07-04,104.0,312.0,3,79.0,135.0
81,2022-02-06,81.347281667,4392.75321,54,63.0,109.0
82,2022-05-03,107.657142857,753.6,7,101.0,119.0
83,2022-03-13,51.886190476,1089.61,21,43.0,85.0
84,2022-06-16,135.349375,2165.59,16,79.0,383.0
85,2022-08-04,68.264444444,614.38,9,64.0,75.0
86,2022-02-24,80.466,1206.99,15,65.0,112.0
87,2022-02-16,106.72,1600.8,15,94.0,150.0
88,2022-08-25,46.5,93.0,2,46.0,47.0
89,2022-02-20,85.298333333,1023.58,12,69.69,100.0
90,2022-01-30,37.565308176,5972.884,159,25.0,120.0
91,2022-06-21,79.016,395.08,5,74.0,86.69
92,2022-02-27,72.501,652.509,9,60.0,111.119
93,2022-07-08,75.0,75.0,1,75.0,75.0
94,2022-03-31,35.517272727,390.69,11,28.0,50.0
95,2022-04-01,33.739090909,742.26,22,30.0,39.0
96,2022-05-10,80.3,401.5,5,76.5,85.0
97,2022-07-16,73.4,367.0,5,69.0,80.0
98,2022-07-25,102.428571429,717.0,7,59.0,269.0
99,2022-04-30,106.192857143,743.35,7,84.35,200.0
100,2022-06-01,89.475,357.9,4,88.0,90.9
101,2022-04-04,44.91125,359.29,8,41.99,50.0
102,2022-04-29,91.685714286,1283.6,14,84.9,119.0
103,2022-05-18,109.0,1308.0,12,92.0,200.0
104,2022-02-11,122.716818182,2699.77,22,90.0,369.69
105,2022-02-22,82.344473684,3129.09,38,72.0,200.0
106,2022-03-19,52.226666667,156.68,3,49.69,53.99
107,2022-06-17,130.0,130.0,1,130.0,130.0
108,2022-06-18,141.333333333,424.0,3,100.0,199.0
109,2022-05-16,107.078947368,2034.5,19,90.0,165.0
110,2022-06-24,238.25,953.0,4,90.0,399.0
111,2022-03-15,62.817333333,942.26,15,53.77,90.0
112,2022-04-14,71.286666667,641.58,9,48.0,150.0
113,2022-04-27,107.775,862.2,8,81.2,175.0
114,2022-03-12,48.141428571,336.99,7,38.99,75.0
115,2022-02-14,176.6361875,2826.179,16,111.5,400.0
116,2022-04-18,52.39,366.73,7,50.5,54.0
117,2022-07-26,89.142857143,624.0,7,60.0,195.0
118,2022-01-27,31.663629032,3926.29,124,16.0,300.0
119,2022-02-19,97.332,1459.98,15,87.0,115.0
120,2022-02-07,89.807517241,2604.418,29,77.0,120.0
121,2022-03-18,61.47,491.76,8,54.69,75.0
122,2022-06-23,80.0,160.0,2,79.0,81.0
123,2022-07-30,173.966666667,521.9,3,55.0,400.0
124,2022-07-17,75.0,75.0,1,75.0,75.0
125,2022-05-26,124.557142857,871.9,7,96.9,250.0
126,2022-08-19,48.833333333,293.0,6,42.0,60.0
127,2022-07-06,83.0,166.0,2,76.0,90.0
128,2022-03-26,43.752307692,568.78,13,38.5,69.0
129,2022-03-20,53.5,481.5,9,48.0,60.0
130,2022-05-21,155.0,310.0,2,130.0,180.0
131,2022-05-15,88.461538462,1150.0,13,82.0,99.0
132,2022-05-23,93.969,939.69,10,80.0,120.0
133,2022-04-06,56.025,560.25,10,40.0,96.78
134,2022-01-29,32.458402128,3051.0898,94,18.5,225.0
135,2022-03-10,47.294444444,425.65,9,41.0,69.69
136,2022-02-03,133.171056,16646.382,125,85.0,444.0
137,2022-03-22,52.438666667,786.58,15,0.0,90.0
138,2022-05-22,107.5,215.0,2,90.0,125.0
139,2022-04-08,45.828333333,1649.82,36,37.8,110.0
140,2022-07-18,71.4,357.0,5,68.0,75.0
141,2022-06-04,96.666666667,290.0,3,85.0,105.0
142,2022-03-29,42.269,422.69,10,36.0,55.0
143,2022-04-10,57.976202652,3710.476969697,64,41.9,105.0
144,2022-07-23,75.0,75.0,1,75.0,75.0
145,2022-06-28,84.0,168.0,2,83.0,85.0
146,2022-02-08,107.103409091,9425.1,88,75.0,222.0
147,2022-03-25,92.333333333,554.0,6,38.0,350.0
148,2022-03-01,77.5,310.0,4,63.0,112.0
149,2022-06-02,86.333333333,259.0,3,80.0,90.0
150,2022-07-14,83.0,166.0,2,68.0,98.0
151,2022-04-23,117.5796,2939.49,25,95.0,333.0
152,2022-02-25,75.086,375.43,5,73.0,80.0
153,2022-05-24,101.278571429,708.95,7,96.0,109.0
154,2022-07-05,87.36,436.8,5,80.0,100.0
155,2022-07-03,96.483333333,289.45,3,82.0,123.45
156,2022-08-29,48.5,97.0,2,47.0,50.0
157,2022-05-13,76.383157895,1451.28,19,69.69,108.0
158,2022-08-07,74.333333333,223.0,3,65.0,88.0
159,2022-02-28,77.766375,933.1965,12,65.0,175.0
160,2022-02-12,113.632093023,4886.18,43,92.0,180.0
161,2022-04-03,47.8,239.0,5,41.0,60.0
162,2022-08-02,68.4,342.0,5,58.0,80.0
163,2022-04-26,151.357777778,1362.22,9,93.0,444.0
164,2022-02-09,116.916521739,2689.08,23,95.0,175.0
165,2022-05-02,106.744444444,960.7,9,98.0,120.0
166,2022-08-15,70.0,70.0,1,70.0,70.0
167,2022-06-11,77.25,154.5,2,70.0,84.5
168,2022-04-17,62.453846154,811.9,13,50.72,85.0
169,2022-03-07,66.1,462.7,7,58.0,80.0
170,2022-06-30,81.333333333,244.0,3,80.0,82.0
171,2022-03-02,55.782,557.82,10,11.0,80.0
172,2022-03-08,55.4801725,221.92069,4,50.0,59.5
173,2022-08-16,68.2,204.6,3,58.0,80.0
174,2022-04-02,41.491111111,1493.68,36,33.0,85.0
175,2022-05-05,100.384615385,1305.0,13,90.0,111.0
176,2022-03-23,53.158571429,372.11,7,42.0,69.42
177,2022-03-04,46.56625,372.53,8,39.0,60.0
178,2022-06-07,81.0,81.0,1,81.0,81.0
179,2022-02-15,120.191305361,1562.486969697,13,92.69,200.696969697
180,2022-04-11,74.485409091,1638.679,22,59.0,250.0
181,2022-04-21,111.154482759,9670.44,87,94.0,199.9
182,2022-03-28,47.0,141.0,3,33.0,69.0
183,2022-07-12,76.0,304.0,4,70.0,80.0
184,2022-08-03,89.0,89.0,1,89.0,89.0
185,2022-08-27,62.69,62.69,1,62.69,62.69
186,2022-04-20,86.878403387,10772.92202,124,44.0,350.0
187,2022-05-29,90.93,545.58,6,88.88,93.0
188,2022-05-04,102.8125,822.5,8,90.0,110.0
189,2022-02-05,95.0825,3042.64,32,82.5,130.0
190,2022-04-16,58.8,940.8,16,50.0,80.8
191,2022-08-21,49.0694375,392.5555,8,43.0,57.0
192,2022-04-24,127.7615,5110.46,40,107.77,200.0
193,2022-05-11,91.8,918.0,10,65.0,199.0
194,2022-03-14,60.92,1035.64,17,53.69,99.5
195,2022-05-30,89.525,358.1,4,88.2,90.9
196,2022-07-27,64.725,258.9,4,60.0,67.9
197,2022-08-28,54.666666667,164.0,3,47.0,70.0
198,2022-04-22,136.770909091,4513.44,33,94.0,250.0
199,2022-04-28,103.420714286,1447.89,14,79.99,189.0
200,2022-07-01,101.0,404.0,4,80.0,125.0
201,2022-05-14,84.7375,677.9,8,73.0,97.0
202,2022-06-27,82.0,328.0,4,80.0,84.0
203,2022-05-12,76.857142857,538.0,7,69.0,90.0
204,2022-03-17,69.725,278.9,4,59.0,80.0
